file_name,n_inclusions,total_inclusion_area,mean_area,median_area,sd_area,min_area,max_area,q25_area,q75_area,inclusion_pct,sample_id,display_name,Fine,Medium,Coarse,Very Coarse,Fine_pct,Medium_pct,Coarse_pct,Very Coarse_pct
8-587_xp_000020.jpg,80,387124,4839.050000000002,1252,7930.320610467783,43,38833,551.5,4764,12.3,000020,Sample 1,18,32,15,15,22.5,40,18.8,18.8
8-587_xp_000027.jpg,62,376020,6064.838709677419,1397.5,9138.975528540597,173,34957,689.5,6197,12,000027,Sample 2,14,22,11,15,22.6,35.5,17.7,24.2
8-587_xp_000029.jpg,100,624727,6247.269999999998,2350.5,9479.983427994508,430,46701,1147,5669,19.9,000029,Sample 3,3,39,39,19,3,39,39,19
8-587_xp_000043.jpg,102,497823,4880.617647058822,2033,6237.676068340427,31,25261,883.5,5968.75,15.8,000043,Sample 4,12,37,33,20,11.8,36.3,32.4,19.6
8-587_xp_000060.jpg,53,646509,12198.283018867927,4705,21495.06084445498,268,119609,904,10073,20.6,000060,Sample 5,6,14,16,17,11.3,26.4,30.2,32.1
8-587_xp_000065.jpg,46,307347,6681.456521739128,1507,14965.38160883536,204,86556,718.5,4687.25,9.8,000065,Sample 6,8,20,8,10,17.4,43.5,17.4,21.7
